LARVA_ID,TREATMENT_TEMPERATURE,DIET,REARING_CONDITION,REARING_TEMPERATURE,DEVELOPMENTAL_STAGE,INDIVIDUAL_LARVA_NUMBER,HATCH_OR_CAPTURE_DATE,TRANSFER_DATE,MOLT_DATE,TIME_UNTIL _MOLT,DEATH_DATE,TIME_UNTIL_DEATH,CARAPACE_LENGTH,DRY_WEIGHT,NOTES
8-18-1-G-1,8,B,L,18,1,1,2021-06-20,2021-06-21,,,2021-07-11,20,,,
8-18-1-G-2,8,B,L,18,1,2,2021-06-20,2021-06-21,2021-07-08,17,,,2.726,0.0018,
8-18-1-G-3,8,B,L,18,1,3,2021-06-20,2021-06-21,2021-07-07,16,,,2.746,0.0019,
8-18-1-G-4,8,B,L,18,1,4,2021-06-20,2021-06-21,2021-07-11,20,,,2.745,0.002,
8-18-1-G-5,8,B,L,18,1,5,2021-06-20,2021-06-21,2021-07-11,20,,,2.457,0.0016,
8-18-1-G-6,8,B,L,18,1,6,2021-06-20,2021-06-21,2021-07-06,15,,,2.726,0.0018,
8-18-1-G-7,8,B,L,18,1,7,2021-06-20,2021-06-21,,,2021-06-23,2,,,
8-18-1-G-8,8,B,L,18,1,8,2021-06-20,2021-06-21,2021-07-06,15,,,2.333,0.0015,
8-18-1-G-9,8,B,L,18,1,9,2021-06-20,2021-06-21,2021-07-06,15,,,1.85,0.00164,
8-18-1-G-10,8,B,L,18,1,10,2021-06-20,2021-06-21,2021-07-06,15,,,2.673,0.0017,
8-18-2-G-1,8,B,L,18,2,1,2021-06-13,2021-06-18,2021-07-22,34,,,3.57,0.00259,
8-18-2-G-2,8,B,L,18,2,2,2021-06-13,2021-06-18,2021-07-17,29,,,3.01,0.0024,
8-18-2-G-3,8,B,L,18,2,3,2021-06-13,2021-06-18,2021-07-09,21,,,3.567,0.0026,
8-18-2-G-4,8,B,L,18,2,4,2021-06-13,2021-06-18,2021-07-17,29,,,3.67,0.0029,
8-18-2-G-5,8,B,L,18,2,5,2021-06-13,2021-06-18,,,2021-07-17,29,,,
8-18-2-G-6,8,B,L,18,2,6,2021-06-13,2021-06-18,,,2021-07-19,31,,,
8-18-2-G-7,8,B,L,18,2,7,2021-06-13,2021-06-18,2021-07-14,26,,,3.724,0.0031,
8-18-2-G-8,8,B,L,18,2,8,2021-06-13,2021-06-18,2021-07-08,20,,,3.949,0.0029,
8-18-2-G-9,8,B,L,18,2,9,2021-06-13,2021-06-18,,,2021-07-29,41,,,
8-18-2-G-10,8,B,L,18,2,10,2021-06-13,2021-06-18,2021-07-21,33,,,3.97,0.00299,
8-18-3-G-1,8,B,L,18,3,1,2021-06-10,2021-06-18,2021-08-01,44,,,4.21,0.00506,
8-18-3-G-2,8,B,L,18,3,2,2021-06-10,2021-06-18,2021-08-13,56,,,4.15,0.0063,
8-18-3-G-3,8,B,L,18,3,3,2021-06-10,2021-06-18,2021-08-01,44,,,4.46,0.00539,
8-18-3-G-4,8,B,L,18,3,4,2021-06-10,2021-06-18,2021-08-12,55,,,DL,0.00512,
8-18-3-G-5,8,B,L,18,3,5,2021-06-10,2021-06-18,,,2021-07-10,22, ,,
8-18-3-G-6,8,B,L,18,3,6,2021-06-10,2021-06-18,2021-08-12,55,,,4.01,0.00343,
8-18-3-G-7,8,B,L,18,3,7,2021-06-10,2021-06-18,2021-08-03,46,,,4.05,0.00356,
8-18-3-G-8,8,B,L,18,3,8,2021-06-10,2021-06-18,2021-08-20,63,,,3.6,0.0045,
8-18-3-G-9,8,B,L,18,3,9,2021-06-10,2021-06-18,2021-08-01,44,,,4.4,0.00596,
8-18-3-G-10,8,B,L,18,3,10,2021-06-10,2021-06-18,,,2021-07-01,13, ,,
8-18-4-G-1,8,B,L,18,4,1,2021-06-21,2021-07-06,2021-09-08,64,,,4.64,0.0078,
8-18-4-G-2,8,B,L,18,4,2,2021-06-16,2021-07-06,2021-11-05,122,,,4,0.007,
8-18-4-G-3,8,B,L,18,4,3,2021-06-13,2021-07-06,2021-08-10,35,,,DL,DL,
8-18-4-G-4,8,B,L,18,4,4,2021-06-16,2021-07-06,2021-09-08,64,,,4.2,0.0075,
8-18-4-G-5,8,B,L,18,4,5,2021-06-23,2021-07-12,,,2021-08-04,23, ,,
8-18-4-G-6,8,B,L,18,4,6,2021-06-26,2021-07-12,,,2021-08-01,20, ,0.01037,
8-18-4-G-7,8,B,L,18,4,7,2021-06-20,2021-07-12,,,2021-08-01,20, ,,
8-18-4-G-8,8,B,L,18,4,8,2021-06-25,2021-07-12,2021-08-06,25,,,5.24,0.00794,
8-18-4-G-9,8,B,L,18,4,9,2021-06-22,2021-07-12,,,2021-08-04,23, ,,
8-18-4-G-10,8,B,L,18,4,10,2021-06-16,2021-07-12,2021-08-06,25,,,DL,DL,
8-18-5-G-1,8,B,L,18,5,1,2021-06-20,2021-07-28,,,,, ,,
8-18-5-G-2,8,B,L,18,5,2,2021-06-21,2021-07-28,,,,, ,,
8-18-5-G-3,8,B,L,18,5,3,2021-06-21,2021-07-28,,,,, ,,
8-18-5-G-4,8,B,L,18,5,4,2021-06-22,2021-07-28,,,,, ,,
8-18-5-G-5,8,B,L,18,5,5,2021-06-23,2021-07-28,,,,, ,,
8-18-5-G-6,8,B,L,18,5,6,2021-06-23,2021-07-28,,,,, ,,
8-18-5-G-7,8,B,L,18,5,7,2021-06-25,2021-07-28,2021-08-06,9,,,DL,DL,
8-18-5-G-8,8,B,L,18,5,8,2021-06-25,2021-07-28,,,,, ,,
8-18-5-G-9,8,B,L,18,5,9,2021-06-25,2021-07-28,,,,, ,,
8-18-5-G-10,8,B,L,18,5,10,2021-06-26,2021-07-28,,,,, ,,
8-A-4-G-1,8,B,L,A,4,1,2021-06-09,2021-07-05,2021-09-03,60,,,4.91,0.0119,
8-A-4-G-2,8,B,L,A,4,2,2021-06-09,2021-07-05,,,,,,,"survived, no molt"
8-A-4-G-3,8,B,L,A,4,3,2021-06-09,2021-07-05,,,2021-09-22,79, ,,
8-A-4-G-4,8,B,L,A,4,4,2021-06-09,2021-07-05,2021-08-30,56,,,5.01,0.0122,
8-A-4-G-5,8,B,L,A,4,5,2021-06-10,2021-07-05,2021-09-03,60,,,4.93,0.0099,
8-A-4-G-6,8,B,L,A,4,6,2021-06-10,2021-07-05,2021-09-01,58,,,4.64,0.0111,
8-A-4-G-7,8,B,L,A,4,7,2021-06-10,2021-07-05,2021-09-01,58,,,4.69,0.0095,
8-A-4-G-8,8,B,L,A,4,8,2021-06-10,2021-07-05,2021-09-03,60,,,4.75,0.0132,
8-A-4-G-9,8,B,L,A,4,9,2021-06-10,2021-07-05,,,2021-12-17,165, ,,
8-A-4-G-10,8,B,L,A,4,10,2021-06-10,2021-07-05,,,,, ,,"survived, no molt"
8-W-4-G-1,8,B,W,W,4,1,2021-07-21,2021-07-23,2021-08-30,38,,,6.63,0.0251,
8-W-4-G-2,8,B,W,W,4,2,2021-07-21,2021-07-23,2021-08-25,33,,,5.75,0.0191,
8-W-4-G-3,8,B,W,W,4,3,2021-07-21,2021-07-23,2021-08-27,35,,,5.38,0.0144,
8-W-4-G-4,8,B,W,W,4,4,2021-07-21,2021-07-23,2021-08-30,38,,,5.54,0.0172,
8-W-4-G-5,8,B,W,W,4,5,2021-07-21,2021-07-23,2021-08-23,31,,,5.22,0.018,
8-W-4-G-6,8,B,W,W,4,6,2021-07-21,2021-07-23,2021-08-18,26,,,6.44,0.0203,
8-W-4-G-7,8,B,W,W,4,7,2021-07-21,2021-07-23,2021-08-25,33,,,5.65,0.0214,
8-W-4-G-8,8,B,W,W,4,8,2021-07-21,2021-07-23,2021-09-01,40,,,6.6,0.0179,
8-W-4-G-9,8,B,W,W,4,9,2021-07-21,2021-07-23,2021-08-15,23,,,4.35,0.0143,
8-W-4-G-10,8,B,W,W,4,10,2021-07-21,2021-07-23,2021-08-20,28,,,5.34,0.0178,
18-18-1-G-1,18,B,L,18,1,1,2021-06-15,2021-06-16,2021-06-20,4,,,2.67,0.0018,
18-18-1-G-2,18,B,L,18,1,2,2021-06-15,2021-06-16,2021-06-20,4,,,2.93,0.0015,
18-18-1-G-3,18,B,L,18,1,3,2021-06-15,2021-06-16,2021-06-20,4,,,2.771,0.0016,
18-18-1-G-4,18,B,L,18,1,4,2021-06-15,2021-06-16,2021-06-20,4,,,2.825,0.0015,
18-18-1-G-5,18,B,L,18,1,5,2021-06-15,2021-06-16,2021-06-20,4,,,2.922,0.0017,
18-18-1-G-6,18,B,L,18,1,6,2021-06-15,2021-06-16,,,2021-06-18,2, ,,
18-18-1-G-7,18,B,L,18,1,7,2021-06-15,2021-06-16,2021-06-20,4,,,2.865,0.0018,
18-18-1-G-8,18,B,L,18,1,8,2021-06-15,2021-06-16,2021-06-20,4,,,2.954,0.0014,
18-18-1-G-9,18,B,L,18,1,9,2021-06-15,2021-06-16,2021-06-20,4,,,2.869,0.0017,
18-18-1-G-10,18,B,L,18,1,10,2021-06-15,2021-06-16,2021-06-20,4,,,2.724,0.0014,
18-18-2-G-1,18,B,L,18,2,1,2021-06-16,2021-06-19,,,2021-06-27,8,,,
18-18-2-G-2,18,B,L,18,2,2,2021-06-16,2021-06-19,2021-06-26,7,,,3.281,0.0028,
18-18-2-G-3,18,B,L,18,2,3,2021-06-16,2021-06-19,2021-06-27,8,,,3.547,0.002,
18-18-2-G-4,18,B,L,18,2,4,2021-06-16,2021-06-19,2021-06-27,8,,,3.126,0.002,
18-18-2-G-5,18,B,L,18,2,5,2021-06-16,2021-06-19,2021-06-26,7,,,3.064,0.0026,
18-18-2-G-6,18,B,L,18,2,6,2021-06-16,2021-06-19,2021-06-26,7,,,3.328,0.0024,
18-18-2-G-7,18,B,L,18,2,7,2021-06-16,2021-06-19,2021-06-27,8,,,3.169,0.0024,
18-18-2-G-8,18,B,L,18,2,8,2021-06-16,2021-06-19,2021-06-25,6,,,2.146,0.0021,
18-18-2-G-9,18,B,L,18,2,9,2021-06-16,2021-06-19,2021-06-27,8,,,3.447,0.0027,
18-18-2-G-10,18,B,L,18,2,10,2021-06-16,2021-06-19,2021-06-26,7,,,3.49,0.0031,
18-18-3-G-1,18,B,L,18,3,1,2021-06-09,2021-06-18,2021-06-24,6,,,4.328,0.0043,
18-18-3-G-2,18,B,L,18,3,2,2021-06-10,2021-06-18,2021-06-27,9,,,3.918,0.0037,
18-18-3-G-3,18,B,L,18,3,3,2021-06-09,2021-06-18,2021-06-24,6,,,4.259,0.0057,
18-18-3-G-4,18,B,L,18,3,4,2021-06-09,2021-06-18,2021-07-03,15,,,3.807,0.0026,
18-18-3-G-5,18,B,L,18,3,5,2021-06-09,2021-06-18,2021-06-27,9,,,4.09,0.0048,
18-18-3-G-6,18,B,L,18,3,6,2021-06-09,2021-06-18,2021-06-26,8,,,4.015,0.0043,
18-18-3-G-7,18,B,L,18,3,7,2021-06-09,2021-06-18,2021-06-25,7,,,DL,0.0026,
18-18-3-G-8,18,B,L,18,3,8,2021-06-09,2021-06-18,2021-06-26,8,,,4.245,0.0054,
18-18-3-G-9,18,B,L,18,3,9,2021-06-09,2021-06-18,2021-06-25,7,,,DL,0.0042,
18-18-3-G-10,18,B,L,18,3,10,2021-06-09,2021-06-18,2021-06-26,8,,,4.013,0.004,
18-18-4-G-1,18,B,L,18,4,1,2021-06-19,2021-07-04,2021-07-20,16,,,5.15,0.01289,
18-18-4-G-2,18,B,L,18,4,2,2021-06-19,2021-07-04,2021-07-21,17,,,4.79,0.01024,
18-18-4-G-3,18,B,L,18,4,3,2021-06-19,2021-07-04,2021-07-26,22,,,DL,DL,
18-18-4-G-4,18,B,L,18,4,4,2021-06-19,2021-07-04,2021-07-19,15,,,5.29,0.01178,
18-18-4-G-5,18,B,L,18,4,5,2021-06-19,2021-07-04,,,2021-08-01,28, ,,
18-18-4-G-6,18,B,L,18,4,6,2021-06-20,2021-07-04,2021-07-16,12,,,6.165,0.0105,
18-18-4-G-7,18,B,L,18,4,7,2021-06-20,2021-07-04,2021-07-17,13,,,4.94,0.00833,
18-18-4-G-8,18,B,L,18,4,8,2021-06-20,2021-07-04,2021-07-26,22,,,4.42,0.00843,
18-18-4-G-9,18,B,L,18,4,9,2021-06-21,2021-07-04,2021-07-21,17,,,4.65,0.00913,
18-18-4-G-10,18,B,L,18,4,10,2021-06-21,2021-07-04,2021-07-20,16,,,4.7,0.00837,
18-18-5-G-1,18,B,L,18,5,1,2021-06-09,2021-07-14,2021-08-02,19,,,6.53,0.01741,
18-18-5-G-2,18,B,L,18,5,2,2021-06-09,2021-07-15,,,2021-07-24,9, ,,
18-18-5-G-3,18,B,L,18,5,3,2021-06-09,2021-07-16,2021-08-12,27,,,6.05,0.0161,
18-18-5-G-4,18,B,L,18,5,4,2021-06-09,2021-07-16,2021-08-30,45,,,6.02,0.0162,
18-18-5-G-5,18,B,L,18,5,5,2021-06-09,2021-07-16,2021-08-04,19,,,6.4,0.01636,
18-18-5-G-6,18,B,L,18,5,6,2021-06-09,2021-07-16,2021-08-08,23,,,5.76,0.01465,
18-18-5-G-7,18,B,L,18,5,7,2021-06-10,2021-07-16,2021-08-07,22,,,6.11,0.01849,
18-18-5-G-8,18,B,L,18,5,8,2021-06-09,2021-07-16,2021-08-01,16,,,5.65,0.01784,
18-18-5-G-9,18,B,L,18,5,9,2021-06-09,2021-07-18,2021-08-12,25,,,6.44,0.02079,
18-18-5-G-10,18,B,L,18,5,10,2021-06-09,2021-07-18,2021-08-07,20,,,5.82,0.01492,
18-A-4-G-1,18,B,L,A,4,1,2021-06-10,2021-07-06,2021-08-02,27,,,4.83,0.01071,
18-A-4-G-2,18,B,L,A,4,2,2021-06-10,2021-07-06,2021-07-21,15,,,5.15,0.00992,
18-A-4-G-3,18,B,L,A,4,3,2021-06-10,2021-07-06,2021-07-28,22,,,5.1,0.00903,
18-A-4-G-4,18,B,L,A,4,4,2021-06-10,2021-07-07,2021-07-26,19,,,4.72,0.01175,
18-A-4-G-5,18,B,L,A,4,5,2021-06-10,2021-07-07,2021-07-26,19,,,5.19,0.01155,
18-A-4-G-6,18,B,L,A,4,6,2021-06-10,2021-07-07,2021-07-28,21,,,DL,0.01108,
18-A-4-G-7,18,B,L,A,4,7,2021-06-10,2021-07-07,2021-07-26,19,,,4.82,0.00905,
18-A-4-G-8,18,B,L,A,4,8,2021-06-10,2021-07-07,2021-07-27,20,,,5.44,0.01318,
18-A-4-G-9,18,B,L,A,4,9,2021-06-10,2021-07-07,,,2021-07-08,1, ,,
18-A-4-G-10,18,B,L,A,4,10,2021-06-10,2021-07-07,2021-08-04,28,,,5.12,0.01383,
18-W-4-G-1,18,B,W,W,4,1,2021-07-30,2021-07-30,2021-08-07,8,,,6.1,0.02541,
18-W-4-G-2,18,B,W,W,4,2,2021-07-30,2021-07-30,2021-08-06,7,,,5.55,0.01996,
18-W-4-G-3,18,B,W,W,4,3,2021-07-30,2021-07-30,2021-08-09,10,,,6.21,0.02292,
18-W-4-G-4,18,B,W,W,4,4,2021-07-30,2021-07-30,2021-08-06,7,,,5.577,0.01944,
18-W-4-G-5,18,B,W,W,4,5,2021-07-30,2021-07-30,2021-08-08,9,,,6.03,0.0195,
18-W-4-G-6,18,B,W,W,4,6,2021-07-30,2021-07-30,2021-08-06,7,,,5.36,0.01933,
18-W-4-G-7,18,B,W,W,4,7,2021-07-30,2021-07-30,2021-08-07,8,,,6.21,0.0189,
18-W-4-G-8,18,B,W,W,4,8,2021-08-02,2021-08-02,DL,DL,,,DL,0.02397,
18-W-4-G-9,18,B,W,W,4,9,2021-08-02,2021-08-02,2021-08-11,9,,,6.406,0.02288,
18-W-4-G-10,18,B,W,W,4,10,2021-08-02,2021-08-02,2021-08-09,7,,,6.11,0.02333,
26-18-1-G-1,26,B,L,18,1,1,2021-06-20,2021-06-21,2021-06-23,2,,,2.533,0.0015,
26-18-1-G-2,26,B,L,18,1,2,2021-06-20,2021-06-21,,,2021-06-23,2, ,,
26-18-1-G-3,26,B,L,18,1,3,2021-06-20,2021-06-21,2021-06-23,2,,,2.681,0.0013,
26-18-1-G-4,26,B,L,18,1,4,2021-06-20,2021-06-21,,,2021-06-23,2, ,,
26-18-1-G-5,26,B,L,18,1,5,2021-06-20,2021-06-21,,,2021-06-23,2, ,,
26-18-1-G-6,26,B,L,18,1,6,2021-06-20,2021-06-21,,,2021-06-23,2, ,,
26-18-1-G-7,26,B,L,18,1,7,2021-06-20,2021-06-21,2021-06-24,3,,,2.772,0.0016,
26-18-1-G-8,26,B,L,18,1,8,2021-06-20,2021-06-21,,,2021-06-23,2, ,,
26-18-1-G-9,26,B,L,18,1,9,2021-06-20,2021-06-21,,,2021-06-24,3, ,,
26-18-1-G-10,26,B,L,18,1,10,2021-06-20,2021-06-21,2021-06-23,2,,,2.551,0.0017,
26-18-2-G-1,26,B,L,18,2,1,2021-06-13,2021-06-18,2021-06-21,3,,,3.255,0.0021,
26-18-2-G-2,26,B,L,18,2,2,2021-06-13,2021-06-18,2021-06-22,4,,,3.117,0.0022,
26-18-2-G-3,26,B,L,18,2,3,2021-06-13,2021-06-18,2021-06-21,3,,,3.128,0.0019,
26-18-2-G-4,26,B,L,18,2,4,2021-06-13,2021-06-18,2021-06-21,3,,,3.322,0.0024,
26-18-2-G-5,26,B,L,18,2,5,2021-06-13,2021-06-18,2021-06-21,3,,,2.999,0.002,
26-18-2-G-6,26,B,L,18,2,6,2021-06-13,2021-06-18,2021-06-21,3,,,3.369,0.0023,
26-18-2-G-7,26,B,L,18,2,7,2021-06-13,2021-06-18,2021-06-21,3,,,3.268,0.0021,
26-18-2-G-8,26,B,L,18,2,8,2021-06-13,2021-06-18,2021-06-21,3,,,3.442,0.0022,
26-18-2-G-9,26,B,L,18,2,9,2021-06-13,2021-06-18,2021-06-21,3,,,3.129,0.0017,
26-18-2-G-10,26,B,L,18,2,10,2021-06-13,2021-06-18,2021-06-24,6,,,3.02,0.0015,
26-18-3-G-1,26,B,L,18,3,1,2021-06-10,2021-06-18,2021-06-22,4,,,3.564,0.0033,
26-18-3-G-2,26,B,L,18,3,2,2021-06-10,2021-06-18,2021-06-24,6,,,3.939,0.0035,
26-18-3-G-3,26,B,L,18,3,3,2021-06-10,2021-06-18,2021-06-24,6,,,3.999,0.0025,
26-18-3-G-4,26,B,L,18,3,4,2021-06-10,2021-06-18,2021-06-22,4,,,4.077,0.0032,
26-18-3-G-5,26,B,L,18,3,5,2021-06-10,2021-06-18,2021-06-23,5,,,3.734,0.0041,
26-18-3-G-6,26,B,L,18,3,6,2021-06-10,2021-06-18,2021-06-23,5,,,4.18,0.0037,
26-18-3-G-7,26,B,L,18,3,7,2021-06-10,2021-06-18,2021-06-22,4,,,3.959,0.003,
26-18-3-G-8,26,B,L,18,3,8,2021-06-10,2021-06-18,2021-06-24,6,,,3.928,0.0036,
26-18-3-G-9,26,B,L,18,3,9,2021-06-10,2021-06-18,2021-06-25,7,,,DL,0.0031,
26-18-3-G-10,26,B,L,18,3,10,2021-06-10,2021-06-18,2021-06-23,5,,,3.741,0.0036,
26-18-4-G-1,26,B,L,18,4,1,2021-06-10,2021-06-26,2021-07-22,26,,,4.8,0.00957,
26-18-4-G-2,26,B,L,18,4,2,2021-06-10,2021-06-26,2021-07-18,22,,,4.51,0.00759,
26-18-4-G-3,26,B,L,18,4,3,2021-06-10,2021-06-26,,,2021-07-26,30,,,
26-18-4-G-4,26,B,L,18,4,4,2021-06-10,2021-06-26,2021-07-23,27,,,4.43,0.01195,
26-18-4-G-5,26,B,L,18,4,5,2021-06-10,2021-06-26,2021-07-14,18,,,4.03,0.00539,
26-18-4-G-6,26,B,L,18,4,6,2021-06-10,2021-06-26,2021-07-18,22,,,4.67,0.00949,
26-18-4-G-7,26,B,L,18,4,7,2021-06-10,2021-06-26,2021-07-18,22,,,4.5,0.00683,
26-18-4-G-8,26,B,L,18,4,8,2021-06-10,2021-06-26,2021-07-18,22,,,4.7,0.00906,
26-18-4-G-9,26,B,L,18,4,9,2021-06-10,2021-06-26,2021-07-11,15,,,4.754,0.0063,
26-18-4-G-10,26,B,L,18,4,10,2021-06-10,2021-06-26,2021-07-19,23,,,5.32,0.02445,
26-18-5-G-1,26,B,L,18,5,1,2021-06-24,2021-07-31,2021-09-24,55,,,7.1,0.0279,
26-18-5-G-2,26,B,L,18,5,2,2021-06-25,2021-07-31,2021-08-16,16,,,5.84,0.018,
26-18-5-G-3,26,B,L,18,5,3,2021-06-22,2021-07-31,2021-09-06,37,,,6.31,0.0194,
26-18-5-G-4,26,B,L,18,5,4,2021-06-18,2021-07-31,2021-10-11,72,,,6.62,0.0183,
26-18-5-G-5,26,B,L,18,5,5,2021-06-25,2021-07-31,2021-08-16,16,,,5.47,0.0108,
26-18-5-G-6,26,B,L,18,5,6,2021-06-26,2021-07-31,2021-08-16,16,,,5.22,0.0142,
26-18-5-G-7,26,B,L,18,5,7,2021-06-20,2021-07-31,2021-09-01,32,,,5.15,0.0105,
26-18-5-G-8,26,B,L,18,5,8,2021-06-23,2021-07-31,2021-08-23,23,,,5.58,0.0135,
26-18-5-G-9,26,B,L,18,5,9,2021-06-20,2021-07-31,2021-08-16,16,,,5.35,0.0123,
26-18-5-G-10,26,B,L,18,5,10,2021-06-22,2021-07-31,2021-08-25,25,,,4.85,0.0083,
26-A-4-G-1,26,B,L,A,4,1,2021-06-10,2021-07-05,2021-07-23,18,,,4.51,0.00917,
26-A-4-G-2,26,B,L,A,4,2,2021-06-10,2021-07-05,2021-07-23,18,,,4.88,0.01366,
26-A-4-G-3,26,B,L,A,4,3,2021-06-10,2021-07-05,2021-07-19,14,,,4.59,0.00667,
26-A-4-G-4,26,B,L,A,4,4,2021-06-09,2021-07-05,2021-07-18,13,,,4.77,0.01277,
26-A-4-G-5,26,B,L,A,4,5,2021-06-10,2021-07-05,2021-07-20,15,,,4.52,0.00645,
26-A-4-G-6,26,B,L,A,4,6,2021-06-09,2021-07-06,2021-07-20,14,,,4.98,0.00888,
26-A-4-G-7,26,B,L,A,4,7,2021-06-09,2021-07-06,2021-07-23,17,,,4.32,0.00971,
26-A-4-G-8,26,B,L,A,4,8,2021-06-09,2021-07-06,2021-07-18,12,,,4.61,0.00692,
26-A-4-G-9,26,B,L,A,4,9,2021-06-09,2021-07-06,2021-07-17,11,,,5.05,0.00876,
26-A-4-G-10,26,B,L,A,4,10,2021-06-10,2021-07-06,2021-07-20,14,,,4.94,0.00854,
26-W-4-G-1,26,B,W,W,4,1,2021-08-02,2021-08-02,2021-08-07,5,,,6.50,0.02078,
26-W-4-G-2,26,B,W,W,4,2,2021-08-02,2021-08-02,2021-08-08,6,,,6.01,0.01195,
26-W-4-G-3,26,B,W,W,4,3,2021-08-02,2021-08-02,2021-08-07,5,,,6.51,0.02023,
26-W-4-G-4,26,B,W,W,4,4,2021-08-02,2021-08-02,2021-08-08,6,,,5.61,0.02129,
26-W-4-G-5,26,B,W,W,4,5,2021-08-02,2021-08-02,2021-08-08,6,,,6.04,0.01947,
26-W-4-G-6,26,B,W,W,4,6,2021-08-02,2021-08-02,2021-08-07,5,,,5.61,0.01611,
26-W-4-G-7,26,B,W,W,4,7,2021-08-02,2021-08-02,2021-08-09,7,,,5.48,0.01566,
26-W-4-G-8,26,B,W,W,4,8,2021-08-02,2021-08-02,2021-08-07,5,,,6.06,0.0162,
26-W-4-G-9,26,B,W,W,4,9,2021-08-02,2021-08-02,2021-08-07,5,,,6.22,0.02555,
26-W-4-G-10,26,B,W,W,4,10,2021-08-02,2021-08-02,2021-08-07,5,,,6.02,0.01828,
A-A-4-G-1,A,B,L,A,4,1,2021-06-10,2021-06-10,2021-07-24,44,,,4.778,0.01137,
A-A-4-G-2,A,B,L,A,4,2,2021-06-10,2021-06-10,,,2021-07-10,30,,,
A-A-4-G-3,A,B,L,A,4,3,2021-06-10,2021-06-10,2021-07-27,47,,,4.919,0.00998,
A-A-4-G-4,A,B,L,A,4,4,2021-06-10,2021-06-10,2021-07-24,44,,,5.757,0.01289,
A-A-4-G-5,A,B,L,A,4,5,2021-06-10,2021-06-10,2021-07-27,47,,,5.066,0.01224,
A-A-4-G-6,A,B,L,A,4,6,2021-06-10,2021-06-10,2021-08-03,54,,,5.27,0.0092,
A-A-4-G-7,A,B,L,A,4,7,2021-06-10,2021-06-10,,,,,DL,DL,
A-A-4-G-8,A,B,L,A,4,8,2021-06-10,2021-06-10,2021-07-30,50,,,4.866,0.01056,
A-A-4-G-9,A,B,L,A,4,9,2021-06-10,2021-06-10,2021-07-24,44,,,5.026,0.01126,
A-A-4-G-10,A,B,L,A,4,10,2021-06-10,2021-06-10,2021-08-01,52,,,5.673,0.01717,
A-18-4-G-1,A,B,L,18,4,1,2021-06-09,2021-06-09,2021-07-27,48,,,5.244,0.01327,
A-18-4-G-2,A,B,L,18,4,2,2021-06-09,2021-06-09,,,,,DL,0.00979,
A-18-4-G-3,A,B,L,18,4,3,2021-06-09,2021-06-09,2021-07-28,49,,,4.971,0.0092,
A-18-4-G-4,A,B,L,18,4,4,2021-06-09,2021-06-09,2021-07-27,48,,,5.157,0.01164,
A-18-4-G-5,A,B,L,18,4,5,2021-06-09,2021-06-09,,,,,DL,DL,
A-18-4-G-6,A,B,L,18,4,6,2021-06-09,2021-06-09,2021-07-27,48,,,5.125,0.01428,
A-18-4-G-7,A,B,L,18,4,7,2021-06-09,2021-06-09,2021-07-30,51,,,5.275,0.0145,
A-18-4-G-8,A,B,L,18,4,8,2021-06-09,2021-06-09,2021-07-19,40,,,4.582,0.00888,
A-18-4-G-9,A,B,L,18,4,9,2021-06-09,2021-06-09,2021-07-26,47,,,4.998,0.01205,
A-18-4-G-10,A,B,L,18,4,10,2021-06-09,2021-06-09,2021-07-30,51,,,4.737,0.01579,
A-W-4-G-1,A,B,W,W,4,1,2021-07-27,2021-07-27,2021-08-04,8,,,6.12,0.0208,
A-W-4-G-2,A,B,W,W,4,2,2021-07-27,2021-07-27,2021-08-09,13,,,6.193,0.01776,
A-W-4-G-3,A,B,W,W,4,3,2021-08-02,2021-08-02,2021-08-16,14,,,6.433,0.0225,
A-W-4-G-4,A,B,W,W,4,4,2021-08-02,2021-08-02,2021-08-12,10,,,5.952,0.01674,
A-W-4-G-5,A,B,W,W,4,5,2021-08-02,2021-08-02,2021-08-15,13,,,6.08,0.0275,
A-W-4-G-6,A,B,W,W,4,6,2021-08-02,2021-08-02,2021-08-09,7,,,5.209,0.02018,
A-W-4-G-7,A,B,W,W,4,7,2021-08-02,2021-08-02,2021-08-11,9,,,6.526,0.02373,
A-W-4-G-8,A,B,W,W,4,8,2021-08-02,2021-08-02,2021-08-10,8,,,DL,0.02228,
A-W-4-G-9,A,B,W,W,4,9,2021-08-02,2021-08-02,2021-08-11,9,,,7.506,0.02132,
A-W-4-G-10,A,B,W,W,4,10,2021-08-02,2021-08-02,2021-08-11,9,,,6.145,0.02101,
8-18-1-G-1,8,B,L,18,1,1,2022-06-02,2022-06-03,,,2022-07-10,37,,,
8-18-1-G-2,8,B,L,18,1,2,2022-06-02,2022-06-03,,,2022-06-09,6,,,
8-18-1-G-3,8,B,L,18,1,3,2022-06-02,2022-06-03,,,2022-07-16,43,,,
8-18-1-G-4,8,B,L,18,1,4,2022-06-02,2022-06-03,,,2022-06-13,10,,,
8-18-1-G-5,8,B,L,18,1,5,2022-06-02,2022-06-03,,,2022-06-18,15,,,
8-18-1-G-6,8,B,L,18,1,6,2022-06-02,2022-06-03,,,2022-07-29,56,,,
8-18-1-G-7,8,B,L,18,1,7,2022-06-02,2022-06-03,,,2022-06-18,15,,,
8-18-1-G-8,8,B,L,18,1,8,2022-06-02,2022-06-03,,,2022-07-16,43,,,
8-18-1-G-9,8,B,L,18,1,9,2022-06-02,2022-06-03,2022-06-27,24,,,3.022,0.0022,
8-18-1-G-10,8,B,L,18,1,10,2022-06-02,2022-06-03,,,2022-07-06,33,,,
8-18-1-G-11,8,B,L,18,1,11,2022-06-02,2022-06-03,,,2022-07-17,44,,,
8-18-1-G-12,8,B,L,18,1,12,2022-06-02,2022-06-03,,,2022-07-04,31,,,
8-18-1-G-13,8,B,L,18,1,13,2022-06-20,2022-06-21,2022-07-14,23,,,2.655,0.0015,
8-18-1-G-14,8,B,L,18,1,14,2022-06-02,2022-06-03,,,2022-06-06,3,,,
8-18-1-G-15,8,B,L,18,1,15,2022-06-02,2022-06-03,,,2022-07-02,29,,,
8-18-1-G-16,8,B,L,18,1,16,2022-06-02,2022-06-03,,,2022-07-06,33,,,
8-18-1-G-17,8,B,L,18,1,17,2022-06-08,2022-06-09,2022-07-12,33,,,2.576,0.0019,
8-18-1-G-18,8,B,L,18,1,18,2022-06-02,2022-06-03,,,2022-06-06,3,,,
8-18-1-G-19,8,B,L,18,1,19,2022-06-02,2022-06-03,,,2022-08-02,60,,,
8-18-1-G-20,8,B,L,18,1,20,2022-06-02,2022-06-03,2022-07-02,29,,,2.737,0.0021,
18-18-1-G-1,18,B,L,18,1,1,2022-06-05,2022-06-06,2022-06-12,6,,,3.095,0.0018,
18-18-1-G-2,18,B,L,18,1,2,2022-06-05,2022-06-06,2022-06-13,7,,,2.517,0.0013,
18-18-1-G-3,18,B,L,18,1,3,2022-06-01,2022-06-02,2022-06-05,3,,,3.043,0.0021,
18-18-1-G-4,18,B,L,18,1,4,2022-06-01,2022-06-02,2022-06-05,3,,,2.65,0.0026,
18-18-1-G-5,18,B,L,18,1,5,2022-06-05,2022-06-06,2022-06-12,6,,,2.879,0.0012,
18-18-1-G-6,18,B,L,18,1,6,2022-06-05,2022-06-06,2022-06-12,6,,,2.691,0.0017,
18-18-1-G-7,18,B,L,18,1,7,2022-06-05,2022-06-06,2022-06-11,5,,,3.06,0.0016,
18-18-1-G-8,18,B,L,18,1,8,2022-06-05,2022-06-06,,,2022-06-14,8,,,
18-18-1-G-9,18,B,L,18,1,9,2022-06-05,2022-06-06,2022-06-10,4,,,3.072,0.0017,
18-18-1-G-10,18,B,L,18,1,10,2022-06-01,2022-06-02,2022-06-05,3,,,2.953,0.0021,
18-18-1-G-11,18,B,L,18,1,11,2022-06-01,2022-06-02,2022-06-05,3,,,2.975,0.0022,
18-18-1-G-12,18,B,L,18,1,12,2022-06-01,2022-06-02,2022-06-05,3,,,3.057,0.0023,
18-18-1-G-13,18,B,L,18,1,13,2022-06-05,2022-06-06,,,2022-06-10,4,,,
18-18-1-G-14,18,B,L,18,1,14,2022-06-05,2022-06-06,2022-06-11,5,,,2.734,0.0016,
18-18-1-G-15,18,B,L,18,1,15,2022-06-05,2022-06-06,2022-06-12,6,,,3.056,0.001,
18-18-1-G-16,18,B,L,18,1,16,2022-06-05,2022-06-06,2022-06-12,6,,,3.092,0.0017,
18-18-1-G-17,18,B,L,18,1,17,2022-06-05,2022-06-06,2022-06-12,6,,,2.26,0.0015,
18-18-1-G-18,18,B,L,18,1,18,2022-06-05,2022-06-06,2022-06-12,6,,,3.221,0.0014,
18-18-1-G-19,18,B,L,18,1,19,2022-06-06,2022-06-07,2022-06-11,4,,,3.001,0.002,
18-18-1-G-20,18,B,L,18,1,20,2022-06-07,2022-06-08,2022-06-12,4,,,2.984,0.0011,
26-18-1-G-1,26,B,L,18,1,1,2022-06-03,2022-06-04,,,2022-06-06,2,,,
26-18-1-G-2,26,B,L,18,1,2,2022-06-03,2022-06-04,,,2022-06-06,2,,,
26-18-1-G-3,26,B,L,18,1,3,2022-06-03,2022-06-04,2022-06-06,2,,,3.014,0.002,
26-18-1-G-4,26,B,L,18,1,4,2022-06-03,2022-06-04,,,2022-06-06,2,,,
26-18-1-G-5,26,B,L,18,1,5,2022-06-03,2022-06-04,2022-06-06,2,,,2.216,0.0019,
26-18-1-G-6,26,B,L,18,1,6,2022-06-03,2022-06-04,2022-06-06,2,,,3.257,0.0021,
26-18-1-G-7,26,B,L,18,1,7,2022-06-03,2022-06-04,,,2022-06-07,3,,,
26-18-1-G-8,26,B,L,18,1,8,2022-06-03,2022-06-04,,,2022-06-07,3,,,
26-18-1-G-9,26,B,L,18,1,9,2022-06-03,2022-06-04,,,2022-06-05,1,,,
26-18-1-G-10,26,B,L,18,1,10,2022-06-03,2022-06-04,,,2022-06-06,2,,,
26-18-1-G-11,26,B,L,18,1,11,2022-06-03,2022-06-04,2022-06-07,3,,,2.917,0.0013,
26-18-1-G-12,26,B,L,18,1,12,2022-06-03,2022-06-04,,,2022-06-05,1,,,
26-18-1-G-13,26,B,L,18,1,13,2022-06-03,2022-06-04,,,2022-06-06,2,,,
26-18-1-G-14,26,B,L,18,1,14,2022-06-03,2022-06-04,,,2022-06-07,3,,,
26-18-1-G-15,26,B,L,18,1,15,2022-06-03,2022-06-04,2022-06-06,2,,,3.003,0.0011,
26-18-1-G-16,26,B,L,18,1,16,2022-06-03,2022-06-04,,,2022-06-07,3,,,
26-18-1-G-17,26,B,L,18,1,17,2022-06-03,2022-06-04,,,2022-06-06,2,,,
26-18-1-G-18,26,B,L,18,1,18,2022-06-03,2022-06-04,,,2022-06-06,2,,,
26-18-1-G-19,26,B,L,18,1,19,2022-06-03,2022-06-04,,,2022-06-07,3,,,
26-18-1-G-20,26,B,L,18,1,20,2022-06-03,2022-06-04,,,2022-06-06,2,,,
8-18-2-G-1,8,B,L,18,2,1,2022-06-10,2022-06-14,,,2022-07-06,22,,,
8-18-2-G-2,8,B,L,18,2,2,2022-06-10,2022-06-14,,,2022-07-18,34,,,
8-18-2-G-3,8,B,L,18,2,3,2022-06-10,2022-06-14,,,2022-07-18,34,,,
8-18-2-G-4,8,B,L,18,2,4,2022-06-11,2022-06-14,2022-06-22,8,,,3.771,0.0025,
8-18-2-G-5,8,B,L,18,2,5,2022-06-06,2022-06-14,,,2022-06-17,3,,,
8-18-2-G-6,8,B,L,18,2,6,2022-06-09,2022-06-14,,,2022-06-19,5,,,
8-18-2-G-7,8,B,L,18,2,7,2022-06-09,2022-06-14,,,2022-07-10,26,,,
8-18-2-G-8,8,B,L,18,2,8,2022-06-09,2022-06-14,,,2022-06-21,7,,,
8-18-2-G-9,8,B,L,18,2,9,2022-06-09,2022-06-14,,,2022-06-24,10,,,
8-18-2-G-10,8,B,L,18,2,10,2022-06-09,2022-06-14,,,2022-07-04,20,,,
8-18-2-G-11,8,B,L,18,2,11,2022-06-09,2022-06-14,,,2022-06-21,7,,,
8-18-2-G-12,8,B,L,18,2,12,2022-06-11,2022-06-15,,,2022-06-27,12,,,
8-18-2-G-13,8,B,L,18,2,13,2022-06-11,2022-06-15,,,2022-06-23,8,,,
8-18-2-G-14,8,B,L,18,2,14,2022-06-11,2022-06-15,,,2022-06-26,11,,,
8-18-2-G-15,8,B,L,18,2,15,2022-06-11,2022-06-15,,,2022-06-23,8,,,
8-18-2-G-16,8,B,L,18,2,16,2022-06-12,2022-06-17,2022-07-27,40,,,3.803,0.0026,
8-18-2-G-17,8,B,L,18,2,17,2022-06-13,2022-06-17,,,2022-07-16,29,,,
8-18-2-G-18,8,B,L,18,2,18,2022-06-13,2022-06-17,,,2022-06-27,10,,,
8-18-2-G-19,8,B,L,18,2,19,2022-06-13,2022-06-17,,,2022-06-29,12,,,
8-18-2-G-20,8,B,L,18,2,20,2022-06-12,2022-06-17,,,2022-07-02,15,,,
18-18-2-G-1,18,B,L,18,2,1,2022-06-01,2022-06-06,2022-06-10,4,,,3.721,0.0028,
18-18-2-G-2,18,B,L,18,2,2,2022-06-01,2022-06-06,2022-06-10,4,,,3.251,0.0028,
18-18-2-G-3,18,B,L,18,2,3,2022-06-11,2022-06-15,2022-06-25,10,,,3.856,0.0026,
18-18-2-G-4,18,B,L,18,2,4,2022-06-11,2022-06-15,2022-06-28,13,,,3.414,0.0022,
18-18-2-G-5,18,B,L,18,2,5,2022-06-01,2022-06-06,2022-06-10,4,,,4.055,0.0029,
18-18-2-G-6,18,B,L,18,2,6,2022-06-01,2022-06-06,,,2022-06-14,8,,,
18-18-2-G-7,18,B,L,18,2,7,2022-06-01,2022-06-06,2022-06-11,5,,,3.707,0.0031,
18-18-2-G-8,18,B,L,18,2,8,2022-06-01,2022-06-06,2022-06-12,6,,,3.462,0.0026,
18-18-2-G-9,18,B,L,18,2,9,2022-06-01,2022-06-06,2022-06-11,5,,,3.67,0.0032,
18-18-2-G-10,18,B,L,18,2,10,2022-06-11,2022-06-15,2022-06-23,8,,,3.681,0.0039,
18-18-2-G-11,18,B,L,18,2,11,2022-06-11,2022-06-15,,,2022-06-22,7,,,
18-18-2-G-12,18,B,L,18,2,12,2022-06-09,2022-06-15,,,2022-06-25,10,,,
18-18-2-G-13,18,B,L,18,2,13,2022-06-01,2022-06-06,2022-06-10,4,,,3.702,0.0029,
18-18-2-G-14,18,B,L,18,2,14,2022-06-01,2022-06-06,2022-06-13,7,,,3.426,0.0027,
18-18-2-G-15,18,B,L,18,2,15,2022-06-01,2022-06-06,,,2022-06-15,9,,,
18-18-2-G-16,18,B,L,18,2,16,2022-06-01,2022-06-06,2022-06-11,5,,,3.569,0.0027,
18-18-2-G-17,18,B,L,18,2,17,2022-06-01,2022-06-06,,,2022-06-15,9,,,
18-18-2-G-18,18,B,L,18,2,18,2022-06-01,2022-06-06,,,2022-06-14,8,,,
18-18-2-G-19,18,B,L,18,2,19,2022-06-01,2022-06-06,2022-06-16,10,,,3.532,0.003,
18-18-2-G-20,18,B,L,18,2,20,2022-06-01,2022-06-06,,,2022-06-19,13,,,
26-18-2-G-1,26,B,L,18,2,1,2022-06-01,2022-06-07,2022-06-10,3,,,3.617,0.0024,
26-18-2-G-2,26,B,L,18,2,2,2022-06-01,2022-06-07,,,2022-06-10,3,,,
26-18-2-G-3,26,B,L,18,2,3,2022-06-02,2022-06-07,,,2022-06-14,7,,,
26-18-2-G-4,26,B,L,18,2,4,2022-06-02,2022-06-07,2022-06-10,3,,,3.893,0.0026,
26-18-2-G-5,26,B,L,18,2,5,2022-06-02,2022-06-07,2022-06-10,3,,,3.702,0.0031,
26-18-2-G-6,26,B,L,18,2,6,2022-06-02,2022-06-07,2022-06-11,4,,,3.242,0.0024,
26-18-2-G-7,26,B,L,18,2,7,2022-06-02,2022-06-07,2022-06-10,3,,,3.445,0.0026,
26-18-2-G-8,26,B,L,18,2,8,2022-06-02,2022-06-07,,,2022-06-12,5,,,
26-18-2-G-9,26,B,L,18,2,9,2022-06-02,2022-06-07,2022-06-10,3,,,3.432,0.0031,
26-18-2-G-10,26,B,L,18,2,10,2022-06-02,2022-06-07,,,2022-06-12,5,,,
26-18-2-G-11,26,B,L,18,2,11,2022-06-03,2022-06-07,2022-06-10,3,,,3.308,0.0025,
26-18-2-G-12,26,B,L,18,2,12,2022-06-03,2022-06-07,2022-06-10,3,,,3.485,0.0023,
26-18-2-G-13,26,B,L,18,2,13,2022-06-03,2022-06-07,2022-06-10,3,,,3.451,0.0031,
26-18-2-G-14,26,B,L,18,2,14,2022-06-03,2022-06-07,2022-06-10,3,,,3.464,0.0029,
26-18-2-G-15,26,B,L,18,2,15,2022-06-03,2022-06-07,2022-06-10,3,,,3.443,0.003,
26-18-2-G-16,26,B,L,18,2,16,2022-06-03,2022-06-07,2022-06-10,3,,,3.352,0.0032,
26-18-2-G-17,26,B,L,18,2,17,2022-06-03,2022-06-07,2022-06-10,3,,,3.484,0.0027,
26-18-2-G-18,26,B,L,18,2,18,2022-06-03,2022-06-07,2022-06-10,3,,,3.548,0.0031,
26-18-2-G-19,26,B,L,18,2,19,2022-06-03,2022-06-07,2022-06-10,3,,,3.806,0.0028,
26-18-2-G-20,26,B,L,18,2,20,2022-06-03,2022-06-07,2022-06-10,3,,,3.592,0.0029,
8-18-3-G-1,8,B,L,18,3,1,2022-06-01,2022-06-10,,,2022-07-04,24,,,
8-18-3-G-2,8,B,L,18,3,2,2022-06-01,2022-06-10,,,2022-07-09,29,,,
8-18-3-G-3,8,B,L,18,3,3,2022-06-01,2022-06-10,,,2022-07-13,33,,,
8-18-3-G-4,8,B,L,18,3,4,2022-06-01,2022-06-10,,,2022-07-18,38,,,
8-18-3-G-5,8,B,L,18,3,5,2022-06-01,2022-06-10,,,2022-06-17,7,,,
8-18-3-G-6,8,B,L,18,3,6,2022-06-01,2022-06-10,,,2022-07-28,48,,,
8-18-3-G-7,8,B,L,18,3,7,2022-06-01,2022-06-10,,,2022-07-22,42,,,
8-18-3-G-8,8,B,L,18,3,8,2022-06-01,2022-06-11,,,2022-06-17,6,,,
8-18-3-G-9,8,B,L,18,3,9,2022-06-01,2022-06-11,2022-06-22,11,,,DL,0.0037,
8-18-3-G-10,8,B,L,18,3,10,2022-06-01,2022-06-11,,,2022-07-18,37,,,
8-18-3-G-11,8,B,L,18,3,11,2022-06-01,2022-06-11,,,2022-07-12,31,,,
8-18-3-G-12,8,B,L,18,3,12,2022-06-01,2022-06-11,,,2022-07-28,47,,,
8-18-3-G-13,8,B,L,18,3,13,2022-06-04,2022-06-15,,,2022-07-15,30,,,
8-18-3-G-14,8,B,L,18,3,14,2022-06-06,2022-06-15,,,2022-07-15,30,,,
8-18-3-G-15,8,B,L,18,3,15,2022-06-04,2022-06-15,,,2022-07-15,30,,,
8-18-3-G-16,8,B,L,18,3,16,2022-06-07,2022-06-15,,,,,,,
8-18-3-G-17,8,B,L,18,3,17,2022-06-02,2022-06-15,,,2022-07-02,17,,,
8-18-3-G-18,8,B,L,18,3,18,2022-06-05,2022-06-15,,,2022-07-15,30,,,
8-18-3-G-19,8,B,L,18,3,19,2022-06-06,2022-06-15,,,2022-07-13,28,,,
8-18-3-G-20,8,B,L,18,3,20,2022-06-01,2022-06-15,,,2022-06-29,14,,,
18-18-3-G-1,18,B,L,18,3,1,2022-06-01,2022-06-10,,,2022-06-18,8,,,
18-18-3-G-2,18,B,L,18,3,2,2022-06-01,2022-06-10,2022-06-25,15,,,3.924,0.005,
18-18-3-G-3,18,B,L,18,3,3,2022-06-01,2022-06-10,2022-06-18,8,,,4.469,0.0041,
18-18-3-G-4,18,B,L,18,3,4,2022-06-01,2022-06-10,2022-06-19,9,,,4.458,0.0045,
18-18-3-G-5,18,B,L,18,3,5,2022-06-01,2022-06-10,2022-06-21,11,,,4.537,0.0061,
18-18-3-G-6,18,B,L,18,3,6,2022-06-01,2022-06-10,2022-06-20,10,,,4.557,0.0052,
18-18-3-G-7,18,B,L,18,3,7,2022-06-01,2022-06-10,2022-06-18,8,,,4.394,0.0039,
18-18-3-G-8,18,B,L,18,3,8,2022-06-01,2022-06-11,2022-06-20,9,,,4.515,0.0049,
18-18-3-G-9,18,B,L,18,3,9,2022-06-01,2022-06-11,2022-06-24,13,,,4.408,0.0049,
18-18-3-G-10,18,B,L,18,3,10,2022-06-01,2022-06-11,2022-06-22,11,,,4.124,0.0055,
18-18-3-G-11,18,B,L,18,3,11,2022-06-01,2022-06-11,2022-06-23,12,,,4.37,0.0048,
18-18-3-G-12,18,B,L,18,3,12,2022-06-01,2022-06-11,2022-06-24,13,,,4.233,0.005,
18-18-3-G-13,18,B,L,18,3,13,2022-06-02,2022-06-12,2022-06-22,10,,,4,0.0048,
18-18-3-G-14,18,B,L,18,3,14,2022-06-02,2022-06-12,2022-06-23,11,,,4.222,0.0051,
18-18-3-G-15,18,B,L,18,3,15,2022-06-05,2022-06-14,2022-06-24,10,,,3.985,0.0041,
18-18-3-G-16,18,B,L,18,3,16,2022-06-05,2022-06-14,,,2022-06-19,,,,
18-18-3-G-17,18,B,L,18,3,17,2022-06-04,2022-06-14,2022-06-26,12,,,4.313,0.0064,
18-18-3-G-18,18,B,L,18,3,18,2022-06-04,2022-06-14,2022-06-24,10,,,4.474,0.0058,
18-18-3-G-19,18,B,L,18,3,19,2022-06-05,2022-06-14,2022-06-22,8,,,4.291,0.0057,
18-18-3-G-20,18,B,L,18,3,20,2022-06-05,2022-06-14,2022-06-23,9,,,4.166,0.0059,
26-18-3-G-1,26,B,L,18,3,1,2022-06-01,2022-06-10,,,2022-06-20,10,,,
26-18-3-G-2,26,B,L,18,3,2,2022-06-01,2022-06-10,,,2022-06-20,10,,,
26-18-3-G-3,26,B,L,18,3,3,2022-06-01,2022-06-10,,,2022-06-26,16,,,
26-18-3-G-4,26,B,L,18,3,4,2022-06-01,2022-06-10,,,2022-06-27,17,,,
26-18-3-G-5,26,B,L,18,3,5,2022-06-01,2022-06-10,,,2022-06-23,13,,,
26-18-3-G-6,26,B,L,18,3,6,2022-06-01,2022-06-10,2022-06-18,8,,,3.78,0.003,
26-18-3-G-7,26,B,L,18,3,7,2022-06-01,2022-06-10,,,2022-06-29,19,,,
26-18-3-G-8,26,B,L,18,3,8,2022-06-01,2022-06-11,2022-06-23,12,,,3.813,0.0027,
26-18-3-G-9,26,B,L,18,3,9,2022-06-01,2022-06-11,,,2022-06-25,14,,,
26-18-3-G-10,26,B,L,18,3,10,2022-06-01,2022-06-11,,,2022-06-29,18,,,
26-18-3-G-11,26,B,L,18,3,11,2022-06-01,2022-06-11,,,2022-06-18,7,,,
26-18-3-G-12,26,B,L,18,3,12,2022-06-01,2022-06-11,2022-06-21,10,,,4.018,0.0034,
26-18-3-G-13,26,B,L,18,3,13,2022-06-06,2022-06-15,,,2022-07-04,19,,,
26-18-3-G-14,26,B,L,18,3,14,2022-06-04,2022-06-15,,,2022-06-17,2,,,
26-18-3-G-15,26,B,L,18,3,15,2022-06-04,2022-06-15,2022-06-23,8,,,3.716,0.0032,
26-18-3-G-16,26,B,L,18,3,16,2022-06-04,2022-06-15,,,2022-06-27,12,,,
26-18-3-G-17,26,B,L,18,3,17,2022-06-04,2022-06-15,,,2022-06-24,9,,,
26-18-3-G-18,26,B,L,18,3,18,2022-06-04,2022-06-15,,,2022-06-19,4,,,
26-18-3-G-19,26,B,L,18,3,19,2022-06-06,2022-06-15,,,2022-07-04,19,,,
26-18-3-G-20,26,B,L,18,3,20,2022-06-02,2022-06-15,,,2022-06-28,13,,,
3-18-4-G-1,3,B,L,18,4,1,2022-06-01,2022-06-22,,,2022-06-25,3,,,
3-18-4-G-2,3,B,L,18,4,2,2022-06-04,2022-06-22,,,2022-06-25,3,,,
3-18-4-G-3,3,B,L,18,4,3,2022-06-05,2022-06-22,,,2022-06-26,4,,,
3-18-4-G-4,3,B,L,18,4,4,2022-06-02,2022-06-22,,,2022-06-26,4,,,
3-18-4-G-5,3,B,L,18,4,5,2022-06-05,2022-06-22,,,2022-06-26,4,,,
3-18-4-G-6,3,B,L,18,4,6,2022-06-05,2022-06-23,,,2022-06-27,4,,,
3-18-4-G-7,3,B,L,18,4,7,2022-06-06,2022-06-23,,,2022-06-28,5,,,
3-18-4-G-8,3,B,L,18,4,8,2022-06-06,2022-06-24,,,2022-06-26,2,,,
3-18-4-G-9,3,B,L,18,4,9,2022-06-04,2022-06-24,,,2022-07-05,11,,,
3-18-4-G-10,3,B,L,18,4,10,2022-06-01,2022-06-24,,,2022-07-08,14,,,
3-18-4-G-11,3,B,L,18,4,11,2022-06-01,2022-06-24,,,2022-07-02,8,,,
3-18-4-G-12,3,B,L,18,4,12,2022-06-01,2022-06-24,,,2022-06-28,4,,,
3-18-4-G-13,3,B,L,18,4,13,2022-06-04,2022-06-24,,,2022-07-05,11,,,
3-18-4-G-14,3,B,L,18,4,14,2022-06-05,2022-06-24,,,2022-07-03,9,,,
3-18-4-G-15,3,B,L,18,4,15,2022-06-06,2022-06-24,,,2022-06-28,4,,,
3-18-4-G-16,3,B,L,18,4,16,2022-06-06,2022-06-26,,,2022-07-05,9,,,
3-18-4-G-17,3,B,L,18,4,17,2022-06-01,2022-06-26,,,2022-07-05,9,,,
3-18-4-G-18,3,B,L,18,4,18,2022-06-04,2022-06-26,,,2022-07-16,20,,,
3-18-4-G-19,3,B,L,18,4,19,2022-06-05,2022-06-26,,,2022-06-30,4,,,
3-18-4-G-20,3,B,L,18,4,20,2022-06-01,2022-06-26,,,2022-06-29,3,,,
8-18-4-G-1,8,B,L,18,4,1,2022-06-05,2022-06-23,2022-08-11,49,,,DL,0.0096,
8-18-4-G-2,8,B,L,18,4,2,2022-06-05,2022-06-23,,,2022-06-29,6,,,
8-18-4-G-3,8,B,L,18,4,3,2022-06-04,2022-06-23,,,,,DL,DL,?
8-18-4-G-4,8,B,L,18,4,4,2022-06-02,2022-06-23,,,2022-06-24,1,,,
8-18-4-G-5,8,B,L,18,4,5,2022-06-02,2022-06-23,,,,,DL,DL,?
8-18-4-G-6,8,B,L,18,4,6,2022-06-01,2022-06-23,,,2022-10-10,,,,
8-18-4-G-7,8,B,L,18,4,7,2022-06-01,2022-06-23,,,2022-11-14,,,,
8-18-4-G-8,8,B,L,18,4,8,2022-06-01,2022-06-23,2022-09-23,92,,,4.571,0.0093,
8-18-4-G-9,8,B,L,18,4,9,2022-06-01,2022-06-24,,,2022-06-26,2,,,
8-18-4-G-10,8,B,L,18,4,10,2022-06-02,2022-06-24,,,2022-10-12,,,,
8-18-4-G-11,8,B,L,18,4,11,2022-06-02,2022-06-24,2022-09-21,89,,,4.682,DL,
8-18-4-G-12,8,B,L,18,4,12,2022-06-01,2022-06-24,,,2022-10-28,,,,
8-18-4-G-13,8,B,L,18,4,13,2022-06-02,2022-06-24,,,2022-09-21,,,,
8-18-4-G-14,8,B,L,18,4,14,2022-06-01,2022-06-24,,,2022-10-10,,,,
8-18-4-G-15,8,B,L,18,4,15,2022-06-05,2022-06-24,,,2022-10-24,,,,
8-18-4-G-16,8,B,L,18,4,16,2022-06-01,2022-06-26,,,2022-06-29,3,,,
8-18-4-G-17,8,B,L,18,4,17,2022-06-04,2022-06-26,2022-09-26,92,,,4.38,0.0055,
8-18-4-G-18,8,B,L,18,4,18,2022-06-05,2022-06-26,,,2022-07-23,27,,,
8-18-4-G-19,8,B,L,18,4,19,2022-06-06,2022-06-26,,,,,,,survived  no molt.  3.9
8-18-4-G-20,8,B,L,18,4,20,2022-06-07,2022-06-26,2022-09-14,80,,,4.73,0.0093,
18-18-4-G-1,18,B,L,18,4,1,2022-06-02,2022-06-22,2022-07-25,33,,,4.691,0.0079,
18-18-4-G-2,18,B,L,18,4,2,2022-06-02,2022-06-22,2022-07-17,25,,,4.655,0.0085,
18-18-4-G-3,18,B,L,18,4,3,2022-06-02,2022-06-22,2022-07-25,33,,,4.807,0.0075,
18-18-4-G-4,18,B,L,18,4,4,2022-06-01,2022-06-22,2022-07-13,21,,,4.842,0.0087,
18-18-4-G-5,18,B,L,18,4,5,2022-06-01,2022-06-22,2022-07-23,31,,,4.68,0.0084,
18-18-4-G-6,18,B,L,18,4,6,2022-06-03,2022-06-22,2022-07-21,29,,,4.721,0.0064,
18-18-4-G-7,18,B,L,18,4,7,2022-06-03,2022-06-22,2022-07-16,24,,,4.63,0.0099,
18-18-4-G-8,18,B,L,18,4,8,2022-06-04,2022-06-22,2022-07-13,21,,,4.657,0.007,
18-18-4-G-9,18,B,L,18,4,9,2022-06-04,2022-06-24,2022-07-23,29,,,4.497,0.0099,
18-18-4-G-10,18,B,L,18,4,10,2022-06-03,2022-06-24,2022-07-13,19,,,4.244,0.0061,
18-18-4-G-11,18,B,L,18,4,11,2022-06-01,2022-06-24,2022-07-18,24,,,4.646,0.009,
18-18-4-G-12,18,B,L,18,4,12,2022-06-01,2022-06-24,,,2022-06-28,4,,,
18-18-4-G-13,18,B,L,18,4,13,2022-06-02,2022-06-24,2022-07-19,25,,,4.496,0.0084,
18-18-4-G-14,18,B,L,18,4,14,2022-06-03,2022-06-24,2022-07-15,21,,,3.966,0.0044,
18-18-4-G-15,18,B,L,18,4,15,2022-06-02,2022-06-24,,,2022-07-17,23,,,
18-18-4-G-16,18,B,L,18,4,16,2022-06-06,2022-06-26,2022-07-28,32,,,4.544,0.0068,
18-18-4-G-17,18,B,L,18,4,17,2022-06-06,2022-06-27,2022-07-29,32,,,4.239,0.0083,
18-18-4-G-18,18,B,L,18,4,18,2022-06-06,2022-06-27,2022-07-26,29,,,4.271,0.0061,
18-18-4-G-19,18,B,L,18,4,19,2022-06-06,2022-06-27,,,2022-07-16,19,,,
18-18-4-G-20,18,B,L,18,4,20,2022-06-06,2022-06-27,,,2022-07-19,22,,0.0081,
26-18-4-G-1,26,B,L,18,4,1,2022-06-01,2022-06-22,2022-07-10,18,,,4.291,0.0076,
26-18-4-G-2,26,B,L,18,4,2,2022-06-02,2022-06-22,2022-07-13,21,,,4.375,0.0062,
26-18-4-G-3,26,B,L,18,4,3,2022-06-02,2022-06-22,2022-07-16,24,,,4.043,0.0051,
26-18-4-G-4,26,B,L,18,4,4,2022-06-02,2022-06-22,2022-07-10,18,,,4.372,0.0049,
26-18-4-G-5,26,B,L,18,4,5,2022-06-02,2022-06-22,2022-07-10,18,,,4.783,0.0064,
26-18-4-G-6,26,B,L,18,4,6,2022-06-04,2022-06-23,,,2022-07-17,24,,,
26-18-4-G-7,26,B,L,18,4,7,2022-06-06,2022-06-23,2022-07-19,26,,,4.532,0.009,
26-18-4-G-8,26,B,L,18,4,8,2022-06-05,2022-06-23,,,2022-07-16,23,,,
26-18-4-G-9,26,B,L,18,4,9,2022-06-02,2022-06-24,,,2022-07-18,24,,,
26-18-4-G-10,26,B,L,18,4,10,2022-06-04,2022-06-24,,,2022-06-28,4,,,
26-18-4-G-11,26,B,L,18,4,11,2022-06-06,2022-06-24,,,2022-07-10,16,,,
26-18-4-G-12,26,B,L,18,4,12,2022-06-06,2022-06-24,,,2022-07-17,23,,,
26-18-4-G-13,26,B,L,18,4,13,2022-06-06,2022-06-24,2022-07-29,35,,,3.919,0.0084,
26-18-4-G-14,26,B,L,18,4,14,2022-06-04,2022-06-24,2022-07-10,16,,,4.25,0.006,
26-18-4-G-15,26,B,L,18,4,15,2022-06-06,2022-06-24,2022-07-19,25,,,4.147,0.008,
26-18-4-G-16,26,B,L,18,4,16,2022-06-06,2022-06-27,2022-07-15,18,,,3.983,0.0054,
26-18-4-G-17,26,B,L,18,4,17,2022-06-05,2022-06-27,2022-07-10,13,,,4.297,0.0054,
26-18-4-G-18,26,B,L,18,4,18,2022-06-03,2022-06-27,,,2022-06-28,1,,,
26-18-4-G-19,26,B,L,18,4,19,2022-06-05,2022-06-29,2022-07-14,15,,,4.003,0.0058,
26-18-4-G-20,26,B,L,18,4,20,2022-06-06,2022-06-29,,,2022-07-18,19,,,
30-18-4-G-1,30,B,L,18,4,1,2022-06-17,2022-07-06,,,2022-07-08,2,,,
30-18-4-G-2,30,B,L,18,4,2,2022-06-17,2022-07-08,,,2022-07-09,1,,,
30-18-4-G-3,30,B,L,18,4,3,2022-06-17,2022-07-05,,,2022-07-10,5,,,
30-18-4-G-4,30,B,L,18,4,4,2022-06-17,2022-07-08,,,2022-07-10,2,,,
30-18-4-G-5,30,B,L,18,4,5,2022-06-17,2022-07-08,,,2022-07-10,2,,,
30-18-4-G-6,30,B,L,18,4,6,2022-06-17,2022-07-08,,,2022-07-16,8,,,
30-18-4-G-7,30,B,L,18,4,7,2022-06-19,2022-07-12,,,2022-07-13,1,,,
30-18-4-G-8,30,B,L,18,4,8,2022-06-10,2022-07-12,,,2022-07-13,1,,,
30-18-4-G-9,30,B,L,18,4,9,2022-06-23,2022-07-13,,,2022-07-14,1,,,
30-18-4-G-10,30,B,L,18,4,10,2022-06-17,2022-07-13,,,2022-07-15,2,,,
30-18-4-G-11,30,B,L,18,4,11,2022-06-17,2022-07-13,,,2022-07-15,2,,,
30-18-4-G-12,30,B,L,18,4,12,2022-06-17,2022-07-15,,,2022-07-16,1,,,
30-18-4-G-13,30,B,L,18,4,13,2022-06-17,2022-07-15,,,2022-07-17,2,,,
30-18-4-G-14,30,B,L,18,4,14,2022-06-23,2022-07-15,,,2022-07-19,4,,,
30-18-4-G-15,30,B,L,18,4,15,2022-06-26,2022-07-15,,,2022-07-20,5,,,
30-18-4-G-16,30,B,L,18,4,16,2022-06-23,2022-07-18,,,2022-07-22,4,,,
3-18-W-G-1,3,Z,W,W,4,1,,2022-07-18,,,,,,,survived  no molt
3-18-W-G-2,3,Z,W,W,4,2,,2022-07-18,2022-08-01,14,,,5.225,0.0274,
3-18-W-G-3,3,Z,W,W,4,3,,2022-07-18,,,2022-10-28,102,,,
3-18-W-G-4,3,Z,W,W,4,4,,2022-07-18,,,2022-11-28,133,,,
3-18-W-G-5,3,Z,W,W,4,5,,2022-07-18,,,,,,,survived  no molt
3-18-W-G-6,3,Z,W,W,4,6,,2022-07-18,,,,,,,survived  no molt
3-18-W-G-7,3,Z,W,W,4,7,,2022-07-18,,,,,,,survived  no molt
3-18-W-G-8,3,Z,W,W,4,8,,2022-07-18,,,,,,,survived  no molt
3-18-W-G-9,3,Z,W,W,4,9,,2022-07-18,,,2022-11-22,127,,,
3-18-W-G-10,3,Z,W,W,4,10,,2022-07-18,,,2022-12-13,148,,,
3-18-W-G-11,3,Z,W,W,4,11,,2022-07-18,,,,,,,survived  no molt
3-18-W-G-12,3,Z,W,W,4,12,,2022-07-18,,,2022-12-13,148,,,
3-18-W-G-13,3,Z,W,W,4,13,,2022-07-18,,,,,,,survived  no molt
3-18-W-G-14,3,Z,W,W,4,14,,2022-07-18,2022-08-01,14,,,5.502,0.0339,
3-18-W-G-15,3,Z,W,W,4,15,,2022-07-18,2022-08-01,14,,,5.114,0.0286,
3-18-W-G-16,3,Z,W,W,4,16,,2022-07-18,,,,,,,survived  no molt
3-18-W-G-17,3,Z,W,W,4,17,,2022-07-18,,,,,,,survived  no molt
3-18-W-G-18,3,Z,W,W,4,18,,2022-07-18,,,2022-12-13,148,,,
3-18-W-G-19,3,Z,W,W,4,19,,2022-07-18,,,,,,,survived  no molt
3-18-W-G-20,3,Z,W,W,4,20,,2022-07-18,,,2022-07-21,3,,,
8-W-4-G-1,8,Z,W,W,4,1,,2022-07-18,,,2022-10-10,84,,,
8-W-4-G-2,8,Z,W,W,4,2,,2022-07-18,,,,,,,survived  no molt
8-W-4-G-3,8,Z,W,W,4,3,,2022-07-18,2022-10-24,98,,,6.1,DL,
8-W-4-G-4,8,Z,W,W,4,4,,2022-07-18,2022-08-10,23,,,5.349,0.0349,
8-W-4-G-5,8,Z,W,W,4,5,,2022-07-18,2022-08-10,23,,,5.758,0.0347,
8-W-4-G-6,8,Z,W,W,4,6,,2022-07-18,,,2022-10-12,86,,,
8-W-4-G-7,8,Z,W,W,4,7,,2022-07-18,,,2022-10-15,89,,,
8-W-4-G-8,8,Z,W,W,4,8,,2022-07-18,2022-08-01,14,,,5.664,0.0338,
8-W-4-G-9,8,Z,W,W,4,9,,2022-07-18,,,2022-10-12,86,,,
8-W-4-G-10,8,Z,W,W,4,10,,2022-07-18,,,2022-10-14,88,,,
8-W-4-G-11,8,Z,W,W,4,11,,2022-07-18,,,2022-08-22,35,,,
8-W-4-G-12,8,Z,W,W,4,12,,2022-07-18,,,,,,,survived  no molt 5.0 mm
8-W-4-G-13,8,Z,W,W,4,13,,2022-07-18,,,2022-10-10,84,,,
8-W-4-G-14,8,Z,W,W,4,14,,2022-07-18,,,2022-09-26,70,,,
8-W-4-G-15,8,Z,W,W,4,15,,2022-07-18,2022-09-28,72,,,6.5,0.0252,
8-W-4-G-16,8,Z,W,W,4,16,,2022-07-18,,,2022-11-22,127,,,
8-W-4-G-17,8,Z,W,W,4,17,,2022-07-18,,,,,,,survived  no molt 5.7mm
8-W-4-G-18,8,Z,W,W,4,18,,2022-07-18,,,,,,,survived  no molt 5.0 mm
8-W-4-G-19,8,Z,W,W,4,19,,2022-07-18,,,,,,,survived  no molt 5.2
8-W-4-G-20,8,Z,W,W,4,20,,2022-07-18,,,2022-09-28,72,,,
18-W-4-G-1,18,Z,W,W,4,1,,2022-07-18,,,,,,.0168 (1 claw),
18-W-4-G-2,18,Z,W,W,4,2,,2022-07-18,2022-07-29,11,,,5.628,0.0249,
18-W-4-G-3,18,Z,W,W,4,3,,2022-07-18,2022-07-28,10,,,6.246,0.0208,
18-W-4-G-4,18,Z,W,W,4,4,,2022-07-18,2022-07-27,9,,,6.422,0.0222,
18-W-4-G-5,18,Z,W,W,4,5,,2022-07-18,2022-07-29,11,,,6.057,0.0205,
18-W-4-G-6,18,Z,W,W,4,6,,2022-07-18,,,,,DL,DL,
18-W-4-G-7,18,Z,W,W,4,7,,2022-07-18,2022-07-27,9,,,5.937,0.0197,
18-W-4-G-8,18,Z,W,W,4,8,,2022-07-18,2022-07-27,9,,,6.286,0.022,
18-W-4-G-9,18,Z,W,W,4,9,,2022-07-18,2022-07-29,11,,,,0.0329,
18-W-4-G-10,18,Z,W,W,4,10,,2022-07-18,2022-07-29,11,,,,0.0301,
18-W-4-G-11,18,Z,W,W,4,11,,2022-07-18,2022-07-29,11,,,,0.0292,
18-W-4-G-12,18,Z,W,W,4,12,,2022-07-18,2022-07-30,12,,,,0.0254,
18-W-4-G-13,18,Z,W,W,4,13,,2022-07-18,2022-07-29,11,,,,0.0327,
18-W-4-G-14,18,Z,W,W,4,14,,2022-07-18,2022-07-29,11,,,,0.0278,
18-W-4-G-15,18,Z,W,W,4,15,,2022-07-18,2022-07-30,12,,,,0.0237,
18-W-4-G-16,18,Z,W,W,4,16,,2022-07-18,2022-07-30,12,,,,0.0309,
18-W-4-G-17,18,Z,W,W,4,17,,2022-07-18,2022-07-29,11,,,,0.0197,
18-W-4-G-18,18,Z,W,W,4,18,,2022-07-18,2022-07-30,12,,,,0.0276,
18-W-4-G-19,18,Z,W,W,4,19,,2022-07-18,2022-07-29,11,,,,0.0275,
18-W-4-G-20,18,Z,W,W,4,20,,2022-07-18,2022-07-27,9,,,6.528,0.0355,
26-W-4-G-1,26,Z,W,W,4,1,,2022-07-18,2022-07-23,5,,,6.056,0.0249,
26-W-4-G-2,26,Z,W,W,4,2,,2022-07-18,,,,,,0.0332,
26-W-4-G-3,26,Z,W,W,4,3,,2022-07-18,2022-07-24,6,,,6.154,0.025,
26-W-4-G-4,26,Z,W,W,4,4,,2022-07-18,2022-07-23,5,,,6.116,0.0278,
26-W-4-G-5,26,Z,W,W,4,5,,2022-07-18,,,2022-07-19,1,,,
26-W-4-G-6,26,Z,W,W,4,6,,2022-07-18,2022-07-24,6,,,5.351,0.0195,
26-W-4-G-7,26,Z,W,W,4,7,,2022-07-18,2022-07-23,5,,,5.889,0.026,
26-W-4-G-8,26,Z,W,W,4,8,,2022-07-18,2022-07-26,8,,,5.429,0.0124,
26-W-4-G-9,26,Z,W,W,4,9,,2022-07-18,,,,,,0.0269,
26-W-4-G-10,26,Z,W,W,4,10,,2022-07-18,2022-07-25,7,,,5.793,0.0205,
26-W-4-G-11,26,Z,W,W,4,11,,2022-07-18,2022-07-27,9,,,6.058,0.0236,
26-W-4-G-12,26,Z,W,W,4,12,,2022-07-18,2022-07-26,8,,,6.257,0.0234,
26-W-4-G-13,26,Z,W,W,4,13,,2022-07-18,2022-07-26,8,,,6.15,0.0233,
26-W-4-G-14,26,Z,W,W,4,14,,2022-07-18,2022-07-23,5,,,5.968,0.0247,
26-W-4-G-15,26,Z,W,W,4,15,,2022-07-18,2022-07-27,9,,,6.292,0.0207,
26-W-4-G-16,26,Z,W,W,4,16,,2022-07-18,2022-07-26,8,,,6.054,0.0186,
26-W-4-G-17,26,Z,W,W,4,17,,2022-07-18,2022-07-23,5,,,5.932,0.0225,
26-W-4-G-18,26,Z,W,W,4,18,,2022-07-18,2022-07-24,6,,,6.331,0.0205,
26-W-4-G-19,26,Z,W,W,4,19,,2022-07-18,2022-07-23,5,,,6.194,0.0248,
26-W-4-G-20,26,Z,W,W,4,20,,2022-07-18,2022-07-24,6,,,5.873,0.0214,
30-W-4-G-1,30,Z,W,W,4,1,,2022-07-18,,,2022-07-19,1,,,
30-W-4-G-2,30,Z,W,W,4,2,,2022-07-18,,,2022-07-21,3,,,
30-W-4-G-3,30,Z,W,W,4,3,,2022-07-18,,,2022-07-19,1,,,
30-W-4-G-4,30,Z,W,W,4,4,,2022-07-18,,,2022-07-19,1,,,
30-W-4-G-5,30,Z,W,W,4,5,,2022-07-18,,,2022-07-19,1,,,
30-W-4-G-6,30,Z,W,W,4,6,,2022-07-18,,,2022-07-19,1,,,
30-W-4-G-7,30,Z,W,W,4,7,,2022-07-18,,,2022-07-20,2,,,
30-W-4-G-8,30,Z,W,W,4,8,,2022-07-18,,,2022-07-19,1,,,
30-W-4-G-9,30,Z,W,W,4,9,,2022-07-18,,,2022-07-19,1,,,
30-W-4-G-10,30,Z,W,W,4,10,,2022-07-18,,,2022-07-19,1,,,
30-W-4-G-11,30,Z,W,W,4,11,,2022-07-18,,,2022-07-19,1,,,
30-W-4-G-12,30,Z,W,W,4,12,,2022-07-18,,,2022-07-19,1,,,
30-W-4-G-13,30,Z,W,W,4,13,,2022-07-18,,,2022-07-21,3,,,
30-W-4-G-14,30,Z,W,W,4,14,,2022-07-18,,,2022-07-19,1,,,
30-W-4-G-15,30,Z,W,W,4,15,,2022-07-18,,,2022-07-19,1,,,
30-W-4-G-16,30,Z,W,W,4,16,,2022-07-18,,,2022-07-19,1,,,
30-W-4-G-17,30,Z,W,W,4,17,,2022-07-18,,,2022-07-19,1,,,
30-W-4-G-18,30,Z,W,W,4,18,,2022-07-18,,,2022-07-19,1,,,
30-W-4-G-19,30,Z,W,W,4,19,,2022-07-18,,,2022-07-19,1,,,
30-W-4-G-20,30,Z,W,W,4,20,,2022-07-18,,,2022-07-19,1,,,
